{
  "order_service.orders": {
    "transaction": true,
    "partition-key": [
      "customer_id"
    ],
    "clustering-key": [
      "timestamp"
    ],
    "secondary-index": [
      "order_id"
    ],
    "columns": {
      "order_id": "TEXT",
      "customer_id": "INT",
      "timestamp": "BIGINT"
    }
  },
  "order_service.statements": {
    "transaction": true,
    "partition-key": [
      "order_id"
    ],
    "clustering-key": [
      "item_id"
    ],
    "columns": {
      "order_id": "TEXT",
      "item_id": "INT",
      "count": "INT"
    }
  },
  "order_service.items": {
    "transaction": true,
    "partition-key": [
      "item_id"
    ],
    "columns": {
      "item_id": "INT",
      "name": "TEXT",
      "price": "INT"
    }
  }
}
